epoch,test_loss,step
0,15.75639533996582,0
0,15.489853858947754,0
