test_loss,epoch,step
25.421836853027344,0,0
25.037227630615234,0,0
