step,test_loss,epoch
0,87.1009292602539,0
0,86.41642761230469,0
