epoch,test_loss,step
0,50.22609329223633,0
0,49.64523696899414,0
