test_loss,step,epoch
87.1009292602539,0,0
86.41642761230469,0,0
