test_loss,epoch,step
50.22637939453125,0,0
49.64543914794922,0,0
