epoch,test_loss,step
0,87.1010971069336,0
0,86.41651916503906,0
