step,epoch,test_loss
0,0,15.7562894821167
0,0,15.489729881286621
