epoch,step,test_loss
0,0,87.1009292602539
0,0,86.41642761230469
