epoch,test_loss,step
0,25.421894073486328,0
0,25.037172317504883,0
