test_loss,epoch,step
15.7562894821167,0,0
15.489729881286621,0,0
