step,epoch,test_loss
0,0,50.22637939453125
0,0,49.64543914794922
