step,epoch,test_loss
0,0,25.421836853027344
0,0,25.037227630615234
